{
    "results": {
        "0_5": {
            "other": 0.5300212651491165,
            "Running": 0.16595888137817383,
            "fighting": 0.09080103226006031,
            "shooting": 0.07781386747956276,
            "bull fighting": 0.03937860578298569
        },
        "5_10": {
            "other": 0.8912457625071207,
            "fighting": 0.04554063084651716,
            "driving car": 0.025242092708746593,
            "Running": 0.017623310287793476,
            "bull fighting": 0.0051846196632444235
        },
        "10_15": {
            "other": 0.9765619933605194,
            "smoking": 0.009215933765517548,
            "bull fighting": 0.006831713544670492,
            "Running": 0.0034522799542173743,
            "playing_musical_instrument": 0.0009778781386557966
        },
        "15_20": {
            "other": 0.9974670112133026,
            "bull fighting": 0.0015097300638444722,
            "Running": 0.00027556801796890795,
            "communication": 0.00022836348216515034,
            "shooting": 0.00012141897241235711
        },
        "20_25": {
            "other": 0.8921203215916952,
            "bull fighting": 0.1012407864133517,
            "Running": 0.001969928057709088,
            "communication": 0.0013693835644517094,
            "shooting": 0.000587833026656881
        },
        "25_30": {
            "other": 0.7871645092964172,
            "bull fighting": 0.20478728273883462,
            "Running": 0.002660854981513694,
            "communication": 0.0014110604242887348,
            "hugging": 0.0009828983165789396
        },
        "30_35": {
            "other": 0.9658814370632172,
            "bull fighting": 0.02924765646457672,
            "Running": 0.001026773767080158,
            "communication": 0.0007352265674853697,
            "hugging": 0.0005905589932808653
        },
        "35_40": {
            "other": 0.8590395251909891,
            "bull fighting": 0.1332747923831145,
            "Running": 0.0012568883636655908,
            "communication": 0.001227144239237532,
            "smoking": 0.00112458366008165
        },
        "40_45": {
            "other": 0.6719838678836823,
            "bull fighting": 0.3057328760623932,
            "hugging": 0.004702472127974033,
            "Running": 0.004520959686487913,
            "kissing": 0.0036412520857993513
        },
        "45_50": {
            "other": 0.96989905834198,
            "bull fighting": 0.02673633536323905,
            "Running": 0.0008267028024420142,
            "communication": 0.0008194546098820865,
            "shooting": 0.0003404725212021731
        },
        "50_55": {
            "other": 0.9233119885126749,
            "Running": 0.0380743273999542,
            "playing_musical_instrument": 0.011447581283088462,
            "singing": 0.010781715505193764,
            "bull fighting": 0.009811125598692646
        },
        "55_60": {
            "other": 0.908617228269577,
            "Running": 0.04510083579225466,
            "playing_musical_instrument": 0.03071103780530393,
            "singing": 0.009807696122152265,
            "driving car": 0.001228476110554766
        },
        "60_65": {
            "other": 0.9232526421546936,
            "bull fighting": 0.045900605618953705,
            "playing_musical_instrument": 0.010333325320971198,
            "Running": 0.006279995373915881,
            "fighting": 0.0033758265344658867
        },
        "65_70": {
            "playing_musical_instrument": 0.467772255341212,
            "other": 0.3920302788416545,
            "fighting": 0.06913763284683228,
            "kissing": 0.017754530844589073,
            "Running": 0.014643318951129913
        },
        "70_75": {
            "other": 0.6401925086975098,
            "playing_musical_instrument": 0.2647116631269455,
            "fighting": 0.03355208318680525,
            "Running": 0.03042595461010933,
            "kissing": 0.00852819686406292
        },
        "75_80": {
            "other": 0.8685608804225922,
            "Running": 0.10385347902774811,
            "playing_musical_instrument": 0.008680509869009256,
            "singing": 0.0038482797099277377,
            "driving car": 0.0029819546616636217
        },
        "80_85": {
            "other": 0.9440293908119202,
            "Running": 0.02012150300045808,
            "smoking": 0.014518609270453453,
            "bull fighting": 0.007426912469478945,
            "playing_musical_instrument": 0.0042380325418586535
        },
        "85_90": {
            "other": 0.9224883019924164,
            "smoking": 0.03394812438637018,
            "Running": 0.01426293607801199,
            "bull fighting": 0.00983650702983141,
            "shooting": 0.004070131690241396
        },
        "90_95": {
            "other": 0.919311543305715,
            "smoking": 0.04227001697290689,
            "Running": 0.01141047803685069,
            "bull fighting": 0.011365871410816908,
            "playing_musical_instrument": 0.00436489749699831
        },
        "95_100": {
            "other": 0.9513746500015259,
            "bull fighting": 0.023351515643298626,
            "Running": 0.013224616181105375,
            "playing_musical_instrument": 0.0052759802201762795,
            "communication": 0.0016118124476633966
        },
        "100_105": {
            "other": 0.9516416490077972,
            "bull fighting": 0.022634907625615597,
            "Running": 0.01406284561380744,
            "playing_musical_instrument": 0.005401780363172293,
            "communication": 0.0014213395188562572
        },
        "105_110": {
            "other": 0.88603542248408,
            "Running": 0.05503490520641208,
            "bull fighting": 0.032838812097907066,
            "smoking": 0.015369052261424562,
            "playing_musical_instrument": 0.0021009488264098763
        },
        "110_115": {
            "other": 0.8591185808181763,
            "smoking": 0.0686905081383884,
            "Running": 0.05099281156435609,
            "bull fighting": 0.011910241097211838,
            "shooting": 0.0020997158717364073
        },
        "115_120": {
            "other": 0.9327637851238251,
            "smoking": 0.026828953719814308,
            "Running": 0.015453601023182273,
            "bull fighting": 0.00646298355422914,
            "playing_musical_instrument": 0.004374830299639143
        },
        "120_125": {
            "other": 0.9317405422528585,
            "bull fighting": 0.0413748063147068,
            "winking": 0.006009614599558215,
            "communication": 0.005509064125362784,
            "hugging": 0.004788592845822374
        },
        "125_130": {
            "other": 0.9950739741325378,
            "bull fighting": 0.0016650636680424213,
            "communication": 0.0007686278113396838,
            "Running": 0.0007484783418476582,
            "winking": 0.0007245144588523544
        },
        "130_135": {
            "other": 0.9906728267669678,
            "bull fighting": 0.0028066682862117887,
            "Running": 0.001580845972057432,
            "hugging": 0.0012143950734753162,
            "communication": 0.000864465459017083
        },
        "135_140": {
            "other": 0.9232991337776184,
            "bull fighting": 0.04376805666834116,
            "hugging": 0.008519873100643357,
            "communication": 0.007412217557430267,
            "winking": 0.005104440487533187
        },
        "140_145": {
            "other": 0.9796909093856812,
            "bull fighting": 0.016286917016259395,
            "Running": 0.0016939547786023468,
            "hugging": 0.0008650678009871626,
            "playing_musical_instrument": 0.0003225017017030041
        },
        "145_150": {
            "other": 0.9956499934196472,
            "bull fighting": 0.0015856615209486336,
            "shooting": 0.0007541343802586198,
            "communication": 0.0006829888152424246,