{
    "results": {
        "0_3": {
            "fashion": 0.43814790310959023,
            "street": 0.13556109399845204,
            "boat": 0.1322616363565127,
            "landscape": 0.12047869836290677,
            "plant": 0.05819464148953557
        },
        "3_6": {
            "landscape": 0.15871494760115942,
            "flower": 0.0617401289443175,
            "person": 0.04244872368872166,
            "furniture": 0.025804220388333004,
            "food": 0.02338200978313883
        },
        "6_9": {
            "fashion": 0.24687933184516928,
            "landscape": 0.10122950685520966,
            "sports": 0.04701390350237489,
            "boat": 0.04420651510978738,
            "flower": 0.042979598976671696
        },
        "9_12": {
            "boat": 0.27846922104557353,
            "street": 0.08200362945596378,
            "landscape": 0.07161022746004164,
            "plant": 0.04048138437792659,
            "sports": 0.03518119929746414
        },
        "12_15": {
            "landscape": 0.45061791439851123,
            "child": 0.04077371892829736,
            "food": 0.022282078862190247,
            "flower": 0.02200459937254588,
            "person": 0.021539528233309586
        },
        "15_18": {
            "landscape": 0.4303268914421399,
            "fashion": 0.09925245013194701,
            "boat": 0.027170837856829166,
            "plant": 0.01738641896129896,
            "flower": 0.01167175880012413
        },
        "18_21": {
            "landscape": 0.664541723827521,
            "fashion": 0.05632130103185773,
            "clothing": 0.01524568535387516,
            "flower": 0.012444043066352606,
            "boat": 0.011715676829529306
        },
        "21_24": {
            "landscape": 0.3118813820183277,
            "fashion": 0.250136108448108,
            "boat": 0.08525052294135094,
            "street": 0.022146017756313086,
            "man": 0.010838017449714243
        },
        "24_27": {
            "landscape": 0.947445809841156,
            "fashion": 0.14514153202374777,
            "person": 0.011222735978662968,
            "child": 0.010316233771542708,
            "table": 0.00894188213472565
        },
        "27_30": {
            "landscape": 0.591304212808609,
            "fashion": 0.10457525681704283,
            "material": 0.042648355185519904,
            "furniture": 0.031623804243281484,
            "sea": 0.018955471576191485
        },
        "30_33": {
            "landscape": 0.4194321036338806,
            "fashion": 0.10114193956057231,
            "boat": 0.01108837282905976,
            "flower": 0.008857898724575838,
            "man": 0.007540454777578513
        },
        "33_36": {
            "boat": 0.10975748890389998,
            "flower": 0.07304714041917275,
            "fashion": 0.06304390424823698,
            "landscape": 0.06234828049006561,
            "street": 0.05600864657511314
        },
        "36_39": {
            "fashion": 0.31740495686729747,
            "landscape": 0.057648371905088425,
            "street": 0.04857152389983336,
            "boat": 0.035637558748324714,
            "man": 0.02719951079537471
        },
        "39_42": {
            "landscape": 0.9928692579269409,
            "fashion": 0.02188126215090354,
            "person": 0.0184114637474219,
            "child": 0.0060527098054687185,
            "furniture": 0.0059343633862833185
        },
        "42_45": {
            "landscape": 0.9927518765131632,
            "person": 0.013529336700836817,
            "smile": 0.01027684984728694,
            "fashion": 0.007088630460202694,
            "food": 0.004969665625443061
        },
        "45_48": {
            "landscape": 0.35936515778303146,
            "child": 0.16545262614575526,
            "fashion": 0.1569194911668698,
            "sports": 0.04035343819608291,
            "food": 0.017882683547213674
        },
        "48_51": {
            "landscape": 0.2759762903054555,
            "boat": 0.06763900086904566,
            "fashion": 0.03848504523436228,
            "street": 0.021058044706781704,
            "technology": 0.019552224315702915
        },
        "51_54": {
            "boat": 0.064055167681848,
            "landscape": 0.06285400657604139,
            "person": 0.038341674798478685,
            "drink": 0.025469866891702015,
            "vehicle": 0.023986613067487877
        },
        "54_57": {
            "landscape": 0.10792760054270427,
            "person": 0.03544814387957255,
            "furniture": 0.023089507594704628,
            "tree": 0.01696256548166275,
            "flower": 0.014805367837349573
        },
        "57_60": {
            "landscape": 0.43065232783555984,
            "fashion": 0.050812383027126394,
            "boat": 0.02242446644231677,
            "vehicle": 0.018634476815350354,
            "person": 0.018309444499512512
        },
        "60_63": {
            "landscape": 0.4489651306842764,
            "fashion": 0.09188906413813432,
            "boat": 0.032869969649861254,
            "street": 0.023994666679451864,
            "technology": 0.013321159989573061
        },
        "63_66": {
            "landscape": 0.36241356531778973,
            "material": 0.06412848954399426,
            "furniture": 0.0591977114478747,
            "tree": 0.047802032281955086,
            "vehicle": 0.043507506450017296
        },
        "66_69": {
            "landscape": 0.2980961004892985,
            "material": 0.06013979638616244,
            "furniture": 0.055689522375663124,
            "tree": 0.04938266674677531,
            "vehicle": 0.03547094141443571
        },
        "69_72": {
            "landscape": 0.29545027017593384,
            "furniture": 0.06153736884395281,
            "material": 0.061277732253074646,
            "tree": 0.05194210012753805,
            "vehicle": 0.04497176284591357
        },
        "72_75": {
            "landscape": 0.28212859233220416,
            "furniture": 0.06325589368740718,
            "material": 0.059563666582107544,
            "tree": 0.05141667773326238,
            "vehicle": 0.048619995514551796
        },
        "75_78": {
            "landscape": 0.15504805743694305,
            "furniture": 0.021983240420619648,
            "person": 0.020328737795352936,
            "flower": 0.01829482925434907,
            "drink": 0.010778681375086308
        },
        "78_81": {
            "landscape": 0.13157836347818375,
            "furniture": 0.019113178675373394,
            "person": 0.017254946753382683,
            "flower": 0.013979496123890081,
            "vehicle": 0.011773194807271162
        },
        "81_84": {
            "landscape": 0.13065794855356216,
            "child": 0.0564423439403375,
            "flower": 0.03102145002533992,
            "person": 0.028839975595474243,
            "man": 0.02400534724195798
        },
        "84_87": {
            "landscape": 0.10377386212348938,
            "person": 0.05344770600398382,
            "flower": 0.050376305977503456,
            "child": 0.04059263070424398,
            "man": 0.03388273219267527
        },
        "87_90": {
            "landscape": 0.26043731967608136,
            "person": 0.030070258925358456,
            "flower": 0.025546386217077572,
            "sea": 0.02450220224757989,
            "man": 0.024023632208506267
        },
        "90_93": {
            "landscape": 0.4640377362569173,
            "furniture": 0.028617190197110176,
            "sea": 0.024832010890046757,
            "child": 0.02401950458685557,
            "person": 0.02298147634913524
        },
        "93_96": {
            "landscape": 0.35266127934058505,
            "sports": 0.19548876071348786,
            "child": 0.03524116426706314,
            "fashion": 0.029777782193074625,
            "metal": 0.02719641538957755
        },